,homo (eV),lumo (eV),vertical_excitation_energy (eV),dipole_moment_norm_S0 (D),dipole_moment_norm_S1 (D),dipole_moment_norm_T1 (D),0-0_S1 (eV),0-0_T1 (eV),adiabatic_T1-S0 (kcal/mol),adiabatic_S1-S0 (kcal/mol),reduction_S0 (kcal/mol),oxidation_S0 (kcal/mol),lumo-homo (eV)
homo (eV),,0.353697258,0,1.11E-16,0,0,0.568271395,0.703332606,0.699063079,0.590045784,0.359998991,0.965081035,-2.22E-16
lumo (eV),0.352399229,,0.035140154,0.008692653,0,0,0,0.044653487,0.045750845,0.021721383,2.22E-16,0.339243025,0.057170649
vertical_excitation_energy (eV),0.727014882,0.03487723,,0,0.14348043,0.328436151,0.894307524,0,0.76587003,0.902255699,0.033673692,0.727681816,0.8856041
dipole_moment_norm_S0 (D),0.136008104,0.009752942,0.14282911,,0.918954116,0.49081765,0.104389813,0.111987203,0.113392282,0.11892083,0.012339315,0.122405942,0.158367557
dipole_moment_norm_S1 (D),0.139817442,0.007403604,0.164786798,0.918874034,,0.46530222,0.108402543,0.126051348,0.127113143,0.128005441,0.009276359,0.127498735,0.16970351
dipole_moment_norm_T1 (D),0.331171511,0.000409487,0.000813464,0.517901602,0.486522792,,0.2768638,0.218728005,0.221046728,0.292749976,0.000259046,0.315229757,0.41008116
0-0_S1 (eV),0.56831417,0,0.892829339,0.086068146,0.09139112,0.26558634,,0.642503377,0.633210652,0.993988589,0.013407368,0.620147578,0.712171551
0-0_T1 (eV),0,0,-2.22E-16,0.096594358,0.111385655,0.236547293,0.642474219,,0.993232652,0.663239088,0,-2.22E-16,0
adiabatic_T1-S0 (kcal/mol),0.699059398,0.045735722,0.764584382,0.098104405,0.112751058,0.220272952,0.633183489,0.993232137,,0.662866243,0.045384756,0.007742696,0.823453205
adiabatic_S1-S0 (kcal/mol),0.590062128,0.021718067,0.900061316,0.102497339,0.110982114,0.286201188,0.993997106,0.663260893,0.662889101,,0.017476991,0.633376853,0.738760625
reduction_S0 (kcal/mol),-9.51E+71,-6.08E+72,-5.11E+81,-3.23E+70,-1.08E+76,-2.08E+76,-2.75E+81,-6.17E+78,-1.19E+76,-1.74E+75,,-1.00E+76,-1.38E+72
oxidation_S0 (kcal/mol),-1.88E+130,-1.19E+131,-5.20E+130,-6.33E+128,-1.56E+121,-2.50E+126,-3.91E+120,-7.51E+128,-1.45E+126,-2.53E+120,-6.78E+119,,-2.76E+130
lumo-homo (eV),0.85243999,0,0,0.143055854,0.156627245,0.410060787,-4.44E-16,2.22E-16,0.823458251,0,0.061819329,0,